{"Time_Axis_Forecast":[15879.0,15910.0,15944.0,15981.0,16011.0,16047.0,16079.0,16117.0,16150.0,16185.0,16220.0,16255.0,16289.0,16318.0,16346.0,16380.0,16411.0,16445.0,16475.0,16511.0,16541.0,16577.0,16607.0,16640.0,16679.0,16708.0,16736.0,16773.0,16810.0,16848.0],"XData":[0.08435642719268799,0.08313725888729095,0.0839603915810585,0.08274509757757187,0.08194174617528915,0.0843999981880188,0.0843999981880188,0.08606060594320297,0.08719999343156815,0.09102040529251099,0.09583333879709244,0.09632652252912521,0.09836734086275101,0.10144329071044922,0.10141413658857346,0.10489795356988907,0.11000000685453415,0.10979591310024261,0.11224489659070969,0.11708333343267441,0.12212765961885452,0.12040815502405167,0.12323231250047684,0.12269230931997299,0.1326732486486435,0.13825243711471558,0.14514285326004028,0.1500917375087738,0.15783783793449402,0.18000000715255737],"YData":[0.050297025591135025,0.05058823898434639,0.052277226001024246,0.05254902318120003,0.05281553789973259,0.05559999868273735,0.0575999990105629,0.060202017426490784,0.06159999966621399,0.0657142847776413,0.07083333283662796,0.0734693855047226,0.07673469185829163,0.07999999821186066,0.08080808073282242,0.08326530456542969,0.08583333343267441,0.08448979258537292,0.08448979258537292,0.08625000715255737,0.08851063251495361,0.08571428805589676,0.0856565609574318,0.08230768889188766,0.08554454892873764,0.08466019481420517,0.08380952477455139,0.08183485269546509,0.08036036044359207,0.08528301864862442],"ZData":[0.3722772002220154,0.3686274588108063,0.3722772002220154,0.3686274588108063,0.3650485575199127,0.37599998712539673,0.37599998712539673,0.37979796528816223,0.37599998712539673,0.38367345929145813,0.3916666805744171,0.38367345929145813,0.38367345929145813,0.38762885332107544,0.37979796528816223,0.38367345929145813,0.3916666805744171,0.38367345929145813,0.38367345929145813,0.3916666805744171,0.3999999761581421,0.38367345929145813,0.37979796528816223,0.36153846979141235,0.3722772002220154,0.3650485575199127,0.3580952286720276,0.34495410323143005,0.33873873949050903,0.3547169864177704]}